-- phpMyAdmin SQL Dump
-- version 3.3.9
-- http://www.phpmyadmin.net
--
-- Host: localhost
-- Generation Time: Jul 17, 2012 at 05:36 PM
-- Server version: 5.5.8
-- PHP Version: 5.3.5

SET SQL_MODE="NO_AUTO_VALUE_ON_ZERO";


/*!40101 SET @OLD_CHARACTER_SET_CLIENT=@@CHARACTER_SET_CLIENT */;
/*!40101 SET @OLD_CHARACTER_SET_RESULTS=@@CHARACTER_SET_RESULTS */;
/*!40101 SET @OLD_COLLATION_CONNECTION=@@COLLATION_CONNECTION */;
/*!40101 SET NAMES utf8 */;

--
-- Database: `newbus`
--

-- --------------------------------------------------------

--
-- Table structure for table `bus_bus`
--

CREATE TABLE IF NOT EXISTS `bus_bus` (
  `busid` int(11) NOT NULL AUTO_INCREMENT,
  `routeno` varchar(5) NOT NULL,
  `similarity` int(11) NOT NULL,
  `from` varchar(20) NOT NULL,
  `to` varchar(20) NOT NULL,
  PRIMARY KEY (`busid`)
) ENGINE=InnoDB  DEFAULT CHARSET=latin1 AUTO_INCREMENT=135 ;

--
-- Dumping data for table `bus_bus`
--

INSERT INTO `bus_bus` (`busid`, `routeno`, `similarity`, `from`, `to`) VALUES
(1, '138', 1, 'Pettah', 'Kottawa'),
(2, '138', 1, 'Pettah', 'Homagama'),
(3, '138', 1, 'Pettah', 'Maharagama'),
(4, '138/2', 1, 'Pettah', 'Mattegoda'),
(5, '138/4', 1, 'Pettah', 'Athurugiriya'),
(6, '138/3', 1, 'Pettah', 'Rukmalgama'),
(7, '100', 2, 'Pettah', 'Panadura'),
(8, '100', 2, 'Pettah', 'Moratuwa'),
(9, '101', 3, 'Pettah', 'Moratuwa'),
(10, '154', 4, 'Kiribathgoda', 'Angulana'),
(11, '154', 4, 'Kadawatha', 'Bambalapitiya'),
(12, '120', 5, 'Pettah', 'Horana'),
(13, '120', 5, 'Pettah', 'Kesbewa'),
(14, '120', 5, 'Pettah', 'Piliyandala'),
(15, '141', 6, 'Narahenpita', 'Wellawatte'),
(16, '135', 7, 'Kohuwala', 'Kelaniya'),
(17, '122', 8, 'Pettah', 'Avissawella'),
(18, '122', 8, 'Pettah', 'Rathnapura'),
(19, '125', 8, 'Pettah', 'Padukka'),
(20, '125', 8, 'Pettah', 'Ingiriya'),
(21, '177', 9, 'Kollupitiya', 'Kaduwela'),
(22, '155', 10, 'Soysapura', 'Mattakkuliya'),
(23, '155', 10, 'Mount Lavinia', 'Mattakkuliya'),
(24, '140', 11, 'Kollupitiya', 'Wellampitiya'),
(25, '175', 12, 'Kollupitiya', 'Kohilawatte'),
(26, '119', 13, 'Dehiwala', 'Maharagama'),
(27, '174', 14, 'Kottawa', 'Borella'),
(28, '163', 15, 'Dehiwala', 'Battaramulla'),
(29, '176', 16, 'Karagampitiya', 'Hettiyawatte'),
(30, '103', 17, 'Narahenpita', 'Fort'),
(31, '187', 18, 'Fort', 'Airport'),
(32, '190', 19, 'Pettah', 'Meegoda'),
(33, '336', 20, 'Kottawa', 'Malabe'),
(34, '17', 21, 'Kandy', 'Panadura'),
(101, '138', 101, 'Kottawa', 'Pettah'),
(102, '138', 101, 'Homagama', 'Pettah'),
(103, '138', 101, 'Maharagama', 'Pettah'),
(104, '138/2', 101, 'Mattegoda', 'Pettah'),
(105, '138/4', 101, 'Athurugiriya', 'Pettah'),
(106, '138/3', 101, 'Rukmalgama', 'Pettah'),
(107, '100', 102, 'Panadura', 'Pettah'),
(108, '100', 102, 'Moratuwa', 'Pettah'),
(109, '101', 103, 'Moratuwa', 'Pettah'),
(110, '154', 104, 'Angulana', 'Kiribathgoda'),
(111, '154', 104, 'Bambalapitiya', 'Kadawatha'),
(112, '120', 105, 'Horana', 'Pettah'),
(113, '120', 105, 'Kesbewa', 'Pettah'),
(114, '120', 105, 'Piliyandala', 'Pettah'),
(115, '141', 106, 'Wellawatte', 'Narahenpita'),
(116, '135', 107, 'Kelaniya', 'Kohuwala'),
(117, '122', 108, 'Avissawella', 'Pettah'),
(118, '122', 108, 'Rathnapura', 'Pettah'),
(119, '125', 109, 'Padukka', 'Pettah'),
(120, '125', 109, 'Ingiriya', 'Pettah'),
(121, '177', 110, 'Kaduwela', 'Kollupitiya'),
(122, '155', 111, 'Mattakkuliya', 'Soysapura'),
(123, '155', 111, 'Mattakkuliya', 'Mount Lavinia'),
(124, '140', 112, 'Wellampitiya', 'Kollupitiya'),
(125, '175', 113, 'Kohilawatte', 'Kollupitiya'),
(126, '119', 114, 'Maharagama', 'Dehiwala'),
(127, '174', 115, 'Borella', 'Kottawa'),
(128, '163', 116, 'Battaramulla', 'Dehiwala'),
(129, '176', 117, 'Hettiyawatte', 'Karagampitiya'),
(130, '103', 118, 'Fort', 'Narahenpita'),
(131, '187', 119, 'Airport', 'Fort'),
(132, '190', 120, 'Meegoda', 'Pettah'),
(133, '336', 121, 'Malabe', 'Kottawa'),
(134, '17', 122, 'Panadura', 'Kandy');

-- --------------------------------------------------------

--
-- Table structure for table `bus_changeover`
--

CREATE TABLE IF NOT EXISTS `bus_changeover` (
  `changeid` int(11) NOT NULL,
  PRIMARY KEY (`changeid`)
) ENGINE=InnoDB DEFAULT CHARSET=latin1;

--
-- Dumping data for table `bus_changeover`
--

INSERT INTO `bus_changeover` (`changeid`) VALUES
(2),
(5),
(7),
(10),
(27),
(28),
(29),
(31),
(32),
(34),
(35),
(37),
(41),
(45),
(53),
(90),
(100),
(101),
(204),
(207),
(231),
(235),
(252),
(276),
(281),
(282),
(284);

-- --------------------------------------------------------

--
-- Table structure for table `bus_place`
--

CREATE TABLE IF NOT EXISTS `bus_place` (
  `pid` int(11) NOT NULL AUTO_INCREMENT,
  `name` varchar(36) NOT NULL,
  `lat` float NOT NULL,
  `lon` float NOT NULL,
  PRIMARY KEY (`pid`)
) ENGINE=InnoDB  DEFAULT CHARSET=latin1 AUTO_INCREMENT=304 ;

--
-- Dumping data for table `bus_place`
--

INSERT INTO `bus_place` (`pid`, `name`, `lat`, `lon`) VALUES
(1, 'Pettah', 6.93321, 79.8554),
(2, 'Fort Railway Station', 6.93408, 79.8502),
(3, 'Lotus Road', 6.93398, 79.847),
(4, 'Galle Face Green', 6.92196, 79.8461),
(5, 'Kollupitiya Junc.', 6.91116, 79.8497),
(6, 'McDonalds, Kollupitiya', 6.90317, 79.8523),
(7, 'Bambalapitiya Junc.', 6.89369, 79.8555),
(8, 'Holy Family Convent, Bambalapitiya', 6.88781, 79.8573),
(9, 'Savoy Cinema, Wellawatte', 6.88027, 79.8596),
(10, 'Wellawatte Junc.', 6.87534, 79.861),
(16, 'Lake House', 6.93261, 79.848),
(19, 'Gamini Hall Junc.', 6.92653, 79.8618),
(20, 'Darley Road/Excel World', 6.92166, 79.8622),
(21, 'Gangarama', 6.91811, 79.8543),
(22, 'Bishop''s College', 6.91459, 79.8559),
(23, 'Mahanama College', 6.90568, 79.8536),
(24, 'British Council', 6.89983, 79.8555),
(25, 'Regal Cinema', 6.93128, 79.847),
(26, 'Slave Island', 6.9233, 79.8516),
(27, 'Town Hall', 6.9168, 79.8634),
(28, 'Public Library', 6.91287, 79.8579),
(29, 'St. Bridget''s Convent', 6.90965, 79.8637),
(30, 'Race Course Grounds', 6.90618, 79.8637),
(31, 'Campus (Arts Faculty)', 6.90258, 79.8622),
(32, 'Campus (near Wycherley)', 6.90002, 79.8595),
(33, 'Thurstan College', 6.90502, 79.8583),
(34, 'Glass House', 6.91094, 79.8583),
(35, 'Thunmulla', 6.89619, 79.8603),
(36, 'Police Park', 6.89288, 79.862),
(37, 'Thimbirigasyaya', 6.88998, 79.8638),
(38, 'BRC Grounds', 6.88753, 79.8645),
(39, 'Redimola Junc.', 6.88363, 79.8683),
(40, 'Maya Ave.', 6.88077, 79.8704),
(41, 'Kirulapone Junc.', 6.87858, 79.8746),
(42, 'Kirulapone South', 6.87772, 79.8786),
(43, 'Balapokuna Road', 6.87384, 79.8819),
(44, 'Anula Vidyalaya', 6.87195, 79.8843),
(45, 'Nugegoda', 6.86932, 79.8896),
(46, 'Seventh Mile Post', 6.86686, 79.8933),
(47, 'Gansabha Junc.', 6.86511, 79.8966),
(48, 'Delkanda', 6.86282, 79.9018),
(49, 'Wijerama', 6.85764, 79.9086),
(50, 'Navinna', 6.8551, 79.9134),
(51, 'Arpico M''gama', 6.85243, 79.917),
(52, 'Wattegedara Junc.', 6.85123, 79.9211),
(53, 'Maharagama', 6.84608, 79.9281),
(74, 'Sugathadasa Stadium', 6.94666, 79.8691),
(75, 'Armour Street', 6.94343, 79.8643),
(76, 'Ananda College', 6.9245, 79.868),
(77, 'Maradana', 6.92824, 79.8646),
(78, 'Castle Street Hospital', 6.91097, 79.8852),
(79, 'Devi Balika Vidyalaya', 6.91102, 79.8821),
(80, 'Alwis Place, Kollupitiya', 6.91264, 79.8539),
(81, 'Arts Fac. Horton Place', 6.91155, 79.8687),
(82, 'Green Path', 6.91173, 79.862),
(83, 'Stratford Avenue', 6.87761, 79.873),
(84, 'Kirulapone Ave.', 6.88269, 79.8756),
(85, 'Suwisuddharamaya', 6.88013, 79.8696),
(86, 'Sapphire Halt', 6.8767, 79.8664),
(87, 'Pamankada', 6.87698, 79.8697),
(88, 'Vijaya Kumaratunge Mw.', 6.88553, 79.8767),
(89, 'Apollo Hospital', 6.88922, 79.8769),
(90, 'Narahenpita Junc.', 6.89189, 79.877),
(100, 'Borella', 6.91474, 79.8776),
(101, 'Horton Place - Baseline Junc.', 6.91126, 79.8775),
(102, 'Borella Cemetery Junc.', 6.90859, 79.8773),
(103, 'Sarana Road', 6.90558, 79.8735),
(104, 'Maitland Place', 6.9029, 79.8705),
(201, 'Delmon Hospital', 6.87071, 79.8621),
(202, 'Ramakrishna Road', 6.8659, 79.863),
(203, 'William Grinding Mills', 6.86251, 79.8638),
(204, 'Dehiwala Municipal Council', 6.86103, 79.8641),
(205, 'St. Mary''s Church, Dehiwala', 6.85918, 79.8645),
(206, 'Holy Family Convent, Dehiwala', 6.85717, 79.865),
(207, 'Dehiwala Junc.', 6.85082, 79.866),
(208, 'Dehiwala Cemetery', 6.84493, 79.8662),
(209, 'Hotel Road, Mt. Lavinia', 6.84197, 79.8669),
(210, 'S. Thomas'' College, Mt. Lavinia', 6.83775, 79.8674),
(211, 'Mount Lavinia Junc.', 6.83296, 79.8673),
(212, 'Maliban Junc.', 6.81943, 79.8737),
(213, 'Belekkade Junc., Rathmalana', 6.81474, 79.8788),
(214, 'Rathmalana Airport', 6.81244, 79.8811),
(215, 'Soysapura', 6.80462, 79.8867),
(216, 'Katubedda Junc.', 6.79733, 79.8885),
(217, 'Rawatawatta', 6.78803, 79.8851),
(218, 'Moratuwa', 6.77449, 79.8824),
(219, 'Panadura', 6.71138, 79.9076),
(220, 'Angulana', 6.79819, 79.873),
(230, 'Dutugemunu Street', 6.87059, 79.8774),
(231, 'Kohuwala', 6.86707, 79.8846),
(232, 'Woodlands', 6.8623, 79.8884),
(233, 'Pepiliyana', 6.85666, 79.8906),
(234, 'Raththanapitiya', 6.84834, 79.8976),
(235, 'Boralesgamuwa', 6.84124, 79.9016),
(236, 'Werahera', 6.82972, 79.9114),
(237, 'Bokundara', 6.81862, 79.9177),
(238, 'Piliyandala', 6.80122, 79.9233),
(239, 'Kesbewa', 6.79552, 79.9408),
(240, 'Polgasovita', 6.78698, 79.9649),
(241, 'Kahathuduwa', 6.78346, 79.9834),
(242, 'Horana', 6.71662, 80.0638),
(244, 'Panagoda', 6.84827, 80.0188),
(245, 'Godagama', 6.85148, 80.0316),
(246, 'Migoda', 6.84423, 80.0467),
(247, 'Padukka', 6.84146, 80.0908),
(248, 'Handapangoda', 6.79234, 80.1426),
(249, 'Ingiriya', 6.74399, 80.1766),
(250, 'Teachers'' Training College', 6.84471, 79.9327),
(251, 'Pannipitiya', 6.8462, 79.9497),
(252, 'Kottawa', 6.84167, 79.964),
(253, 'Makumbura', 6.83862, 79.98),
(254, 'Homagama', 6.84113, 80.002),
(255, 'Kottawa Railway Station', 6.84401, 79.9682),
(256, 'Rukmalgama', 6.85692, 79.9859),
(257, 'Walgama Junc., Athurugiriya', 6.86495, 79.9958),
(258, 'Athurugiriya Junc.', 6.87745, 79.9895),
(259, 'Pinhena Junc.', 6.83278, 79.9647),
(260, 'Mattegoda', 6.81158, 79.9751),
(271, 'Open University, Nawala', 6.88302, 79.8868),
(272, 'Nawala Junc.', 6.88703, 79.8872),
(273, 'Koswatte, Nawala', 6.90003, 79.894),
(274, 'Bellanthota Junc.', 6.84831, 79.8854),
(275, 'Nandimala', 6.84986, 79.8794),
(276, 'Karagampitiya', 6.85025, 79.872),
(277, 'Kalubowila Hospital', 6.86647, 79.8773),
(278, 'Nugegoda Supermarket', 6.87347, 79.8914),
(279, 'Pita Kotte', 6.8839, 79.9019),
(280, 'Impala Cinema, Rajagiriya', 6.91097, 79.8907),
(281, 'Rajagiriya Junc.', 6.91012, 79.8944),
(282, 'Ethul Kotte Junc.', 6.90551, 79.9052),
(283, 'Sethsiripaya', 6.90244, 79.9143),
(284, 'Battaramulla', 6.90209, 79.9181),
(285, 'Thalangama', 6.90597, 79.9262),
(286, 'Thalahena', 6.90801, 79.945),
(287, 'Malabe', 6.90408, 79.9544),
(288, 'Pittugala', 6.90869, 79.9693),
(289, 'SLIIT, Malabe', 6.91471, 79.9722),
(290, 'Kaduwela', 6.9357, 79.9842),
(291, 'Thalawathugoda', 6.87628, 79.9353),
(292, 'Pelawatta/Isurupaya', 6.8906, 79.9289),
(295, 'Peliyagoda Junc.', 6.95576, 79.8831),
(296, 'Nawaloka Junc.', 6.96068, 79.8808),
(297, 'Wattala', 6.98125, 79.888),
(298, 'Handala', 6.99069, 79.8931),
(299, 'Welisara', 7.02178, 79.8996),
(300, 'Kandana', 7.04783, 79.897),
(301, 'Kapuwatta', 7.06401, 79.8932),
(302, 'Ja-Ela', 7.07824, 79.8905),
(303, 'Katunayake Airport', 7.16564, 79.8841);

-- --------------------------------------------------------

--
-- Table structure for table `bus_stop`
--

CREATE TABLE IF NOT EXISTS `bus_stop` (
  `bid` int(5) NOT NULL,
  `pid` int(5) NOT NULL,
  `distance` float NOT NULL,
  PRIMARY KEY (`bid`,`pid`),
  KEY `pid` (`pid`)
) ENGINE=InnoDB DEFAULT CHARSET=latin1;

--
-- Dumping data for table `bus_stop`
--

INSERT INTO `bus_stop` (`bid`, `pid`, `distance`) VALUES
(1, 1, 0),
(1, 2, 609),
(1, 25, 2503),
(1, 26, 4056),
(1, 27, 6664),
(1, 28, 8217),
(1, 29, 9130),
(1, 30, 9570),
(1, 31, 10021),
(1, 34, 8440),
(1, 35, 10805),
(1, 36, 11226),
(1, 37, 11614),
(1, 38, 11898),
(1, 39, 12510),
(1, 40, 12907),
(1, 41, 13517),
(1, 42, 13969),
(1, 43, 14564),
(1, 44, 14911),
(1, 45, 15567),
(1, 46, 16073),
(1, 47, 16517),
(1, 48, 17149),
(1, 49, 18114),
(1, 50, 18724),
(1, 51, 19238),
(1, 52, 19717),
(1, 53, 21116),
(1, 250, 22627),
(1, 251, 24548),
(1, 252, 26231),
(2, 1, 0),
(2, 2, 609),
(2, 25, 2503),
(2, 26, 4056),
(2, 27, 6664),
(2, 28, 8217),
(2, 29, 9130),
(2, 30, 9570),
(2, 31, 10021),
(2, 34, 8440),
(2, 35, 10805),
(2, 36, 11226),
(2, 37, 11614),
(2, 38, 11898),
(2, 39, 12510),
(2, 40, 12907),
(2, 41, 13517),
(2, 42, 13969),
(2, 43, 14564),
(2, 44, 14911),
(2, 45, 15567),
(2, 46, 16073),
(2, 47, 16517),
(2, 48, 17149),
(2, 49, 18114),
(2, 50, 18724),
(2, 51, 19238),
(2, 52, 19717),
(2, 53, 21116),
(2, 250, 22627),
(2, 251, 24548),
(2, 252, 26231),
(2, 253, 28080),
(2, 254, 30597),
(3, 1, 0),
(3, 2, 609),
(3, 25, 2503),
(3, 26, 4056),
(3, 27, 6664),
(3, 28, 8217),
(3, 29, 9130),
(3, 30, 9570),
(3, 31, 10021),
(3, 34, 8440),
(3, 35, 10805),
(3, 36, 11226),
(3, 37, 11614),
(3, 38, 11898),
(3, 39, 12510),
(3, 40, 12907),
(3, 41, 13517),
(3, 42, 13969),
(3, 43, 14564),
(3, 44, 14911),
(3, 45, 15567),
(3, 46, 16073),
(3, 47, 16517),
(3, 48, 17149),
(3, 49, 18114),
(3, 50, 18724),
(3, 51, 19238),
(3, 52, 19717),
(3, 53, 21116),
(4, 1, 0),
(4, 2, 609),
(4, 25, 2503),
(4, 26, 4056),
(4, 27, 6664),
(4, 28, 8217),
(4, 29, 9130),
(4, 30, 9570),
(4, 31, 10021),
(4, 34, 8440),
(4, 35, 10805),
(4, 36, 11226),
(4, 37, 11614),
(4, 38, 11898),
(4, 39, 12510),
(4, 40, 12907),
(4, 41, 13517),
(4, 42, 13969),
(4, 43, 14564),
(4, 44, 14911),
(4, 45, 15567),
(4, 46, 16073),
(4, 47, 16517),
(4, 48, 17149),
(4, 49, 18114),
(4, 50, 18724),
(4, 51, 19238),
(4, 52, 19717),
(4, 53, 21116),
(4, 250, 22627),
(4, 251, 24548),
(4, 252, 26231),
(4, 259, 27340),
(4, 260, 30130),
(5, 1, 0),
(5, 2, 609),
(5, 25, 2503),
(5, 26, 4056),
(5, 27, 6664),
(5, 28, 9086),
(5, 29, 9999),
(5, 30, 10439),
(5, 31, 10890),
(5, 34, 8326),
(5, 35, 11674),
(5, 36, 12095),
(5, 37, 12483),
(5, 38, 12767),
(5, 39, 13379),
(5, 40, 13776),
(5, 41, 14386),
(5, 42, 14838),
(5, 43, 15433),
(5, 44, 15780),
(5, 45, 16436),
(5, 46, 16942),
(5, 47, 17386),
(5, 48, 18018),
(5, 49, 18983),
(5, 50, 19593),
(5, 51, 20107),
(5, 52, 20586),
(5, 53, 21985),
(5, 250, 23496),
(5, 251, 25417),
(5, 252, 27100),
(5, 255, 27650),
(5, 256, 30454),
(5, 257, 31999),
(5, 258, 33750),
(6, 1, 0),
(6, 2, 609),
(6, 25, 2503),
(6, 26, 4056),
(6, 27, 6664),
(6, 28, 8217),
(6, 29, 9130),
(6, 30, 9570),
(6, 31, 10021),
(6, 34, 8440),
(6, 35, 10805),
(6, 36, 11226),
(6, 37, 11614),
(6, 38, 11898),
(6, 39, 12510),
(6, 40, 12907),
(6, 41, 13517),
(6, 42, 13969),
(6, 43, 14564),
(6, 44, 14911),
(6, 45, 15567),
(6, 46, 16073),
(6, 47, 16517),
(6, 48, 17149),
(6, 49, 18114),
(6, 50, 18724),
(6, 51, 19238),
(6, 52, 19717),
(6, 53, 21116),
(6, 250, 22627),
(6, 251, 24548),
(6, 252, 26231),
(6, 255, 26781),
(6, 256, 29585),
(7, 1, 0),
(7, 2, 609),
(7, 3, 964),
(7, 4, 3048),
(7, 5, 5304),
(7, 7, 7872),
(7, 8, 9380),
(7, 9, 10656),
(7, 10, 11225),
(7, 23, 6312),
(7, 24, 6995),
(7, 201, 11755),
(7, 202, 12299),
(7, 203, 12686),
(7, 204, 12855),
(7, 205, 13065),
(7, 206, 13296),
(7, 207, 14012),
(7, 208, 14668),
(7, 209, 15007),
(7, 210, 15486),
(7, 211, 16019),
(7, 212, 17703),
(7, 213, 18479),
(7, 214, 18838),
(7, 215, 19914),
(7, 216, 20767),
(7, 217, 21871),
(7, 218, 23505),
(7, 219, 31585),
(8, 1, 0),
(8, 2, 609),
(8, 3, 964),
(8, 4, 3048),
(8, 5, 5304),
(8, 7, 7872),
(8, 8, 9380),
(8, 9, 10656),
(8, 10, 11225),
(8, 23, 6312),
(8, 24, 6995),
(8, 201, 11755),
(8, 202, 12299),
(8, 203, 12686),
(8, 204, 12855),
(8, 205, 13065),
(8, 206, 13296),
(8, 207, 14012),
(8, 208, 14668),
(8, 209, 15007),
(8, 210, 15486),
(8, 211, 16019),
(8, 212, 17703),
(8, 213, 18479),
(8, 214, 18838),
(8, 215, 19914),
(8, 216, 20767),
(8, 217, 21871),
(8, 218, 23505),
(9, 1, 0),
(9, 2, 609),
(9, 5, 7694),
(9, 7, 10262),
(9, 8, 11770),
(9, 9, 13046),
(9, 10, 13615),
(9, 21, 5065),
(9, 22, 5513),
(9, 23, 8702),
(9, 24, 9385),
(9, 25, 2503),
(9, 26, 4056),
(9, 201, 14145),
(9, 202, 14689),
(9, 203, 15076),
(9, 204, 15245),
(9, 205, 15455),
(9, 206, 15686),
(9, 207, 16402),
(9, 208, 17058),
(9, 209, 17397),
(9, 210, 17876),
(9, 211, 18409),
(9, 212, 20093),
(9, 213, 20869),
(9, 214, 21228),
(9, 215, 22304),
(9, 216, 23157),
(9, 217, 24261),
(9, 218, 25895),
(10, 7, 4627),
(10, 8, 6135),
(10, 9, 7411),
(10, 10, 7980),
(10, 31, 2970),
(10, 35, 3754),
(10, 100, 0),
(10, 101, 386),
(10, 102, 683),
(10, 103, 1242),
(10, 104, 1688),
(10, 201, 8510),
(10, 202, 9054),
(10, 203, 9441),
(10, 204, 9610),
(10, 205, 9820),
(10, 206, 10051),
(10, 207, 10767),
(10, 208, 11423),
(10, 209, 11762),
(10, 210, 12241),
(10, 211, 12774),
(10, 212, 14458),
(10, 213, 15234),
(10, 214, 15593),
(10, 220, 18383),
(11, 7, 4627),
(11, 31, 2970),
(11, 35, 3754),
(11, 100, 0),
(11, 101, 386),
(11, 102, 683),
(11, 103, 1242),
(11, 104, 1688),
(12, 1, 0),
(12, 2, 609),
(12, 16, 1385),
(12, 19, 3208),
(12, 20, 3752),
(12, 27, 5070),
(12, 29, 6191),
(12, 30, 6631),
(12, 31, 7082),
(12, 35, 7866),
(12, 36, 8287),
(12, 37, 8675),
(12, 38, 8959),
(12, 39, 9571),
(12, 40, 9968),
(12, 83, 10480),
(12, 230, 11622),
(12, 231, 12597),
(12, 232, 13307),
(12, 233, 14020),
(12, 234, 15296),
(12, 235, 16232),
(12, 236, 17997),
(12, 237, 19432),
(12, 238, 21554),
(12, 239, 23759),
(12, 240, 26657),
(12, 241, 28879),
(12, 242, 42291),
(13, 1, 0),
(13, 2, 609),
(13, 16, 1385),
(13, 19, 3208),
(13, 20, 3752),
(13, 27, 5070),
(13, 29, 6191),
(13, 30, 6631),
(13, 31, 7082),
(13, 35, 7866),
(13, 36, 8287),
(13, 37, 8675),
(13, 38, 8959),
(13, 39, 9571),
(13, 40, 9968),
(13, 83, 10480),
(13, 230, 11622),
(13, 231, 12597),
(13, 232, 13307),
(13, 233, 14020),
(13, 234, 15296),
(13, 235, 16232),
(13, 236, 17997),
(13, 237, 19432),
(13, 238, 21554),
(13, 239, 23759),
(14, 1, 0),
(14, 2, 609),
(14, 16, 1385),
(14, 19, 3208),
(14, 20, 3752),
(14, 27, 5070),
(14, 29, 6191),
(14, 30, 6631),
(14, 31, 7082),
(14, 35, 7866),
(14, 36, 8287),
(14, 37, 8675),
(14, 38, 8959),
(14, 39, 9571),
(14, 40, 9968),
(14, 83, 10480),
(14, 230, 11622),
(14, 231, 12597),
(14, 232, 13307),
(14, 233, 14020),
(14, 234, 15296),
(14, 235, 16232),
(14, 236, 17997),
(14, 237, 19432),
(14, 238, 21554),
(15, 10, 4121),
(15, 41, 1755),
(15, 86, 3489),
(15, 87, 3098),
(15, 88, 721),
(15, 89, 297),
(15, 90, 0),
(16, 37, 3799),
(16, 38, 3515),
(16, 39, 2903),
(16, 85, 2461),
(16, 87, 2099),
(16, 90, 6019),
(16, 100, 9098),
(16, 101, 8712),
(16, 102, 8304),
(16, 230, 920),
(16, 231, 0),
(19, 1, 0),
(19, 2, 609),
(19, 16, 1385),
(19, 19, 3208),
(19, 20, 3752),
(19, 27, 5070),
(19, 28, 6623),
(19, 29, 7536),
(19, 30, 7976),
(19, 31, 8427),
(19, 35, 9211),
(19, 36, 9632),
(19, 37, 10020),
(19, 38, 10304),
(19, 39, 10916),
(19, 40, 11313),
(19, 41, 11923),
(19, 42, 12375),
(19, 43, 12970),
(19, 44, 13317),
(19, 45, 13973),
(19, 46, 14479),
(19, 47, 14923),
(19, 48, 15555),
(19, 49, 16520),
(19, 50, 17130),
(19, 51, 17644),
(19, 52, 18123),
(19, 53, 19522),
(19, 244, 31478),
(19, 245, 37986),
(19, 246, 39907),
(19, 247, 45709),
(19, 250, 21033),
(19, 251, 22954),
(19, 252, 24637),
(19, 253, 26486),
(19, 254, 33954),
(20, 1, 0),
(20, 2, 609),
(20, 16, 1385),
(20, 19, 3208),
(20, 20, 3752),
(20, 27, 5070),
(20, 28, 6623),
(20, 29, 7536),
(20, 30, 7976),
(20, 31, 8427),
(20, 35, 9211),
(20, 36, 9632),
(20, 37, 10020),
(20, 38, 10304),
(20, 39, 10916),
(20, 40, 11313),
(20, 41, 11923),
(20, 42, 12375),
(20, 43, 12970),
(20, 44, 13317),
(20, 45, 13973),
(20, 46, 14479),
(20, 47, 14923),
(20, 48, 15555),
(20, 49, 16520),
(20, 50, 17130),
(20, 51, 17644),
(20, 52, 18123),
(20, 53, 19522),
(20, 244, 31479),
(20, 245, 33035),
(20, 246, 34956),
(20, 247, 40758),
(20, 248, 50596),
(20, 249, 57743),
(20, 250, 21033),
(20, 251, 22954),
(20, 252, 24637),
(20, 253, 26486),
(20, 254, 29003),
(21, 5, 0),
(21, 28, 1076),
(21, 29, 1989),
(21, 34, 1299),
(21, 78, 5913),
(21, 79, 5570),
(21, 80, 550),
(21, 81, 4087),
(21, 101, 5057),
(21, 280, 6546),
(21, 281, 6977),
(21, 282, 8381),
(21, 283, 9532),
(21, 284, 9954),
(21, 285, 10989),
(21, 286, 13321),
(21, 287, 14506),
(21, 288, 16400),
(21, 289, 17218),
(21, 290, 20186),
(22, 7, 11044),
(22, 8, 10135),
(22, 9, 9258),
(22, 10, 8689),
(22, 19, 19631),
(22, 20, 19087),
(22, 24, 12637),
(22, 27, 18370),
(22, 29, 15592),
(22, 32, 14108),
(22, 35, 13593),
(22, 201, 8159),
(22, 202, 7615),
(22, 203, 7228),
(22, 204, 7059),
(22, 205, 6849),
(22, 206, 6618),
(22, 207, 5902),
(22, 208, 5246),
(22, 209, 4907),
(22, 210, 4428),
(22, 211, 3895),
(22, 212, 2211),
(22, 213, 1435),
(22, 214, 1076),
(22, 215, 0),
(23, 7, 7149),
(23, 8, 6240),
(23, 9, 5363),
(23, 10, 4794),
(23, 19, 15736),
(23, 20, 15192),
(23, 24, 8742),
(23, 27, 14475),
(23, 29, 11697),
(23, 32, 10213),
(23, 35, 9698),
(23, 201, 4264),
(23, 202, 3720),
(23, 203, 3333),
(23, 204, 3164),
(23, 205, 2954),
(23, 206, 2723),
(23, 207, 2007),
(23, 208, 1351),
(23, 209, 1012),
(23, 210, 533),
(23, 211, 0),
(24, 5, 0),
(24, 27, 2546),
(24, 28, 1076),
(24, 77, 4366),
(24, 80, 550),
(25, 5, 0),
(25, 27, 0),
(25, 28, 0),
(25, 80, 0),
(25, 100, 0),
(26, 53, 0),
(26, 207, 0),
(26, 235, 0),
(26, 274, 0),
(26, 275, 0),
(26, 276, 0),
(27, 100, 0),
(27, 251, 0),
(27, 252, 0),
(27, 280, 0),
(27, 281, 0),
(27, 282, 0),
(27, 283, 0),
(27, 284, 0),
(27, 291, 0),
(27, 292, 0),
(28, 45, 4792),
(28, 203, 1326),
(28, 204, 1157),
(28, 205, 947),
(28, 206, 716),
(28, 207, 0),
(28, 231, 3756),
(28, 277, 2929),
(28, 278, 5708),
(28, 279, 7485),
(28, 282, 10193),
(28, 283, 11344),
(28, 284, 11766),
(29, 45, 0),
(29, 76, 0),
(29, 77, 0),
(29, 78, 0),
(29, 79, 0),
(29, 100, 0),
(29, 101, 0),
(29, 231, 0),
(29, 271, 0),
(29, 272, 0),
(29, 273, 0),
(29, 276, 0),
(29, 277, 0),
(29, 278, 0),
(29, 280, 0),
(29, 281, 0),
(30, 1, 7565),
(30, 2, 8174),
(30, 76, 4611),
(30, 77, 5459),
(30, 90, 0),
(30, 100, 3079),
(30, 101, 2693),
(30, 102, 2285),
(31, 2, 0),
(31, 74, 0),
(31, 75, 0),
(31, 295, 0),
(31, 296, 0),
(31, 297, 0),
(31, 298, 0),
(31, 299, 0),
(31, 300, 0),
(31, 301, 0),
(31, 302, 0),
(31, 303, 0),
(32, 1, 0),
(32, 2, 609),
(32, 16, 1385),
(32, 19, 3208),
(32, 20, 3752),
(32, 27, 5070),
(32, 100, 7011),
(32, 245, 28050),
(32, 246, 29971),
(32, 258, 21811),
(32, 280, 8596),
(32, 281, 9027),
(32, 282, 10431),
(32, 283, 11582),
(32, 284, 12004),
(32, 285, 13039),
(32, 286, 15371),
(32, 287, 16556),
(33, 252, 0),
(33, 287, 8700),
(34, 45, 17427),
(34, 203, 21013),
(34, 204, 21182),
(34, 205, 21392),
(34, 206, 21623),
(34, 207, 22339),
(34, 208, 22995),
(34, 209, 23334),
(34, 210, 23813),
(34, 211, 24346),
(34, 212, 26030),
(34, 213, 26806),
(34, 214, 27165),
(34, 215, 28241),
(34, 216, 29094),
(34, 217, 30198),
(34, 218, 31832),
(34, 219, 39912),
(34, 231, 18533),
(34, 277, 19410),
(34, 278, 16269),
(34, 279, 14492),
(34, 282, 11805),
(34, 283, 10654),
(34, 284, 10232),
(34, 285, 9197),
(34, 286, 6865),
(34, 287, 5680),
(34, 288, 3786),
(34, 289, 2968),
(34, 290, 0),
(101, 1, 22556),
(101, 2, 21962),
(101, 25, 20875),
(101, 26, 19802),
(101, 27, 18232),
(101, 28, 16762),
(101, 32, 14544),
(101, 33, 15110),
(101, 34, 16002),
(101, 35, 14029),
(101, 36, 13608),
(101, 37, 13220),
(101, 38, 12936),
(101, 39, 12324),
(101, 40, 11918),
(101, 41, 11308),
(101, 42, 10856),
(101, 43, 10261),
(101, 44, 9914),
(101, 45, 9258),
(101, 46, 8752),
(101, 47, 8308),
(101, 48, 7676),
(101, 49, 6711),
(101, 50, 6101),
(101, 51, 5587),
(101, 52, 5108),
(101, 53, 4144),
(101, 250, 3604),
(101, 251, 1683),
(101, 252, 0),
(102, 1, 26922),
(102, 2, 26328),
(102, 25, 25241),
(102, 26, 24168),
(102, 27, 22598),
(102, 28, 21128),
(102, 32, 18910),
(102, 33, 19476),
(102, 34, 20368),
(102, 35, 18395),
(102, 36, 17974),
(102, 37, 17586),
(102, 38, 17302),
(102, 39, 16690),
(102, 40, 16284),
(102, 41, 15674),
(102, 42, 15222),
(102, 43, 14627),
(102, 44, 14280),
(102, 45, 13624),
(102, 46, 13118),
(102, 47, 12674),
(102, 48, 12042),
(102, 49, 11077),
(102, 50, 10467),
(102, 51, 9953),
(102, 52, 9474),
(102, 53, 8510),
(102, 250, 7970),
(102, 251, 6049),
(102, 252, 4366),
(102, 253, 2517),
(102, 254, 0),
(103, 1, 18412),
(103, 2, 17818),
(103, 25, 16731),
(103, 26, 15658),
(103, 27, 14088),
(103, 28, 12618),
(103, 32, 10400),
(103, 33, 10966),
(103, 34, 11858),
(103, 35, 9885),
(103, 36, 9464),
(103, 37, 9076),
(103, 38, 8792),
(103, 39, 8180),
(103, 40, 7774),
(103, 41, 7164),
(103, 42, 6712),
(103, 43, 6117),
(103, 44, 5770),
(103, 45, 5114),
(103, 46, 4608),
(103, 47, 4164),
(103, 48, 3532),
(103, 49, 2567),
(103, 50, 1957),
(103, 51, 1443),
(103, 52, 964),
(103, 53, 0),
(104, 1, 26455),
(104, 2, 25861),
(104, 25, 24774),
(104, 26, 23701),
(104, 27, 22131),
(104, 28, 20661),
(104, 32, 18443),
(104, 33, 19009),
(104, 34, 19901),
(104, 35, 17928),
(104, 36, 17507),
(104, 37, 17119),
(104, 38, 16835),
(104, 39, 16223),
(104, 40, 15817),
(104, 41, 15207),
(104, 42, 14755),
(104, 43, 14160),
(104, 44, 13813),
(104, 45, 13157),
(104, 46, 12651),
(104, 47, 12207),
(104, 48, 11575),
(104, 49, 10610),
(104, 50, 10000),
(104, 51, 9486),
(104, 52, 9007),
(104, 53, 8043),
(104, 250, 7503),
(104, 251, 5582),
(104, 252, 3899),
(104, 259, 2790),
(104, 260, 0),
(105, 1, 29206),
(105, 2, 28612),
(105, 25, 27525),
(105, 26, 26452),
(105, 27, 24882),
(105, 28, 23412),
(105, 32, 21194),
(105, 33, 21760),
(105, 34, 22652),
(105, 35, 20679),
(105, 36, 20258),
(105, 37, 19870),
(105, 38, 19586),
(105, 39, 18974),
(105, 40, 18568),
(105, 41, 17958),
(105, 42, 17506),
(105, 43, 16911),
(105, 44, 16564),
(105, 45, 15908),
(105, 46, 15402),
(105, 47, 14958),
(105, 48, 14326),
(105, 49, 13361),
(105, 50, 12751),
(105, 51, 12237),
(105, 52, 11758),
(105, 53, 10794),
(105, 250, 10254),
(105, 251, 8333),
(105, 252, 6650),
(105, 255, 6100),
(105, 256, 3296),
(105, 257, 1751),
(105, 258, 0),
(106, 1, 25910),
(106, 2, 25316),
(106, 25, 24229),
(106, 26, 23156),
(106, 27, 21586),
(106, 28, 20116),
(106, 32, 17898),
(106, 33, 18464),
(106, 34, 19356),
(106, 35, 17383),
(106, 36, 16962),
(106, 37, 16574),
(106, 38, 16290),
(106, 39, 15678),
(106, 40, 15272),
(106, 41, 14662),
(106, 42, 14210),
(106, 43, 13615),
(106, 44, 13268),
(106, 45, 12612),
(106, 46, 12106),
(106, 47, 11662),
(106, 48, 11030),
(106, 49, 10065),
(106, 50, 9455),
(106, 51, 8941),
(106, 52, 8462),
(106, 53, 7498),
(106, 250, 6958),
(106, 251, 5037),
(106, 252, 3354),
(106, 255, 2804),
(106, 256, 0),
(107, 1, 29615),
(107, 2, 29021),
(107, 3, 28666),
(107, 4, 26417),
(107, 5, 25135),
(107, 6, 24202),
(107, 7, 22646),
(107, 8, 21737),
(107, 9, 20860),
(107, 10, 20291),
(107, 201, 19761),
(107, 202, 19217),
(107, 203, 18830),
(107, 204, 18661),
(107, 205, 18451),
(107, 206, 18220),
(107, 207, 17504),
(107, 208, 16848),
(107, 209, 16509),
(107, 210, 16030),
(107, 211, 15497),
(107, 212, 13813),
(107, 213, 13037),
(107, 214, 12678),
(107, 215, 11602),
(107, 216, 10749),
(107, 217, 9645),
(107, 218, 8060),
(107, 219, 0),
(108, 1, 21555),
(108, 2, 20961),
(108, 3, 20606),
(108, 4, 18357),
(108, 5, 17075),
(108, 6, 16142),
(108, 7, 14586),
(108, 8, 13677),
(108, 9, 12800),
(108, 10, 12231),
(108, 201, 11701),
(108, 202, 11157),
(108, 203, 10770),
(108, 204, 10601),
(108, 205, 10391),
(108, 206, 10160),
(108, 207, 9444),
(108, 208, 8788),
(108, 209, 8449),
(108, 210, 7970),
(108, 211, 7437),
(108, 212, 5753),
(108, 213, 4977),
(108, 214, 4618),
(108, 215, 3542),
(108, 216, 2689),
(108, 217, 1585),
(108, 218, 0),
(109, 1, 21882),
(109, 2, 21288),
(109, 5, 17075),
(109, 6, 16142),
(109, 7, 14586),
(109, 8, 13677),
(109, 9, 12800),
(109, 10, 12231),
(109, 21, 18456),
(109, 22, 18008),
(109, 25, 20201),
(109, 26, 19128),
(109, 201, 11701),
(109, 202, 11157),
(109, 203, 10770),
(109, 204, 10601),
(109, 205, 10391),
(109, 206, 10160),
(109, 207, 9444),
(109, 208, 8788),
(109, 209, 8449),
(109, 210, 7970),
(109, 211, 7437),
(109, 212, 5753),
(109, 213, 4977),
(109, 214, 4618),
(109, 215, 3542),
(109, 216, 2689),
(109, 217, 1585),
(109, 218, 0),
(110, 7, 0),
(110, 8, 25647),
(110, 9, 26923),
(110, 10, 27492),
(110, 24, 30770),
(110, 30, 33289),
(110, 32, 34432),
(110, 33, 34998),
(110, 35, 36629),
(110, 100, 39880),
(110, 101, 40266),
(110, 102, 40563),
(110, 103, 41122),
(110, 104, 22437),
(110, 201, 17276),
(110, 202, 16732),
(110, 203, 4042),
(110, 204, 4211),
(110, 205, 4421),
(110, 206, 4652),
(110, 207, 5368),
(110, 208, 6024),
(110, 209, 6363),
(110, 210, 6842),
(110, 211, 7375),
(110, 212, 9059),
(110, 213, 9835),
(110, 214, 10194),
(110, 220, 56255),
(111, 7, 0),
(111, 24, 14461),
(111, 30, 12325),
(111, 32, 10401),
(111, 33, 8861),
(111, 35, 7780),
(111, 100, 4624),
(111, 101, 4238),
(111, 102, 3830),
(111, 103, 3231),
(111, 104, 16677),
(112, 1, 43822),
(112, 2, 43228),
(112, 16, 42069),
(112, 19, 40317),
(112, 20, 39773),
(112, 27, 39056),
(112, 29, 36278),
(112, 32, 34800),
(112, 33, 35366),
(112, 35, 34285),
(112, 36, 33864),
(112, 37, 33476),
(112, 38, 33192),
(112, 39, 32580),
(112, 85, 32138),
(112, 87, 31776),
(112, 230, 30597),
(112, 231, 29677),
(112, 232, 28983),
(112, 233, 28270),
(112, 234, 26994),
(112, 235, 26058),
(112, 236, 24294),
(112, 237, 22859),
(112, 238, 20737),
(112, 239, 18532),
(112, 240, 15634),
(112, 241, 13412),
(112, 242, 0),
(113, 1, 25290),
(113, 2, 24696),
(113, 16, 23537),
(113, 19, 21785),
(113, 20, 21241),
(113, 27, 20524),
(113, 29, 17746),
(113, 32, 16268),
(113, 33, 16834),
(113, 35, 15753),
(113, 36, 15332),
(113, 37, 14944),
(113, 38, 14660),
(113, 39, 14048),
(113, 85, 13606),
(113, 87, 13244),
(113, 230, 12065),
(113, 231, 11145),
(113, 232, 10451),
(113, 233, 9738),
(113, 234, 8462),
(113, 235, 7526),
(113, 236, 5762),
(113, 237, 4327),
(113, 238, 2205),
(113, 239, 0),
(114, 1, 23085),
(114, 2, 22491),
(114, 16, 21332),
(114, 19, 19580),
(114, 20, 19036),
(114, 27, 18319),
(114, 29, 15541),
(114, 32, 14063),
(114, 33, 14629),
(114, 35, 13548),
(114, 36, 13127),
(114, 37, 12739),
(114, 38, 12455),
(114, 39, 11843),
(114, 85, 11401),
(114, 87, 11039),
(114, 230, 9860),
(114, 231, 8940),
(114, 232, 8246),
(114, 233, 7533),
(114, 234, 6257),
(114, 235, 5321),
(114, 236, 3557),
(114, 237, 2122),
(114, 238, 0),
(115, 10, 0),
(115, 40, 10106),
(115, 41, 9496),
(115, 84, 9009),
(115, 85, 7592),
(115, 86, 6914),
(115, 87, 6523),
(115, 88, 4145),
(115, 89, 3721),
(115, 90, 12472),
(116, 37, 0),
(116, 38, 17396),
(116, 39, 16784),
(116, 40, 16378),
(116, 83, 14646),
(116, 90, 12574),
(116, 100, 10032),
(116, 101, 9646),
(116, 102, 9238),
(116, 230, 2947),
(116, 231, 21467),
(119, 1, 39687),
(119, 2, 39093),
(119, 16, 37934),
(119, 19, 36182),
(119, 20, 35638),
(119, 27, 34921),
(119, 29, 32143),
(119, 32, 30665),
(119, 33, 31231),
(119, 35, 30150),
(119, 36, 29729),
(119, 37, 29341),
(119, 38, 29057),
(119, 39, 28445),
(119, 40, 28039),
(119, 41, 27429),
(119, 42, 26977),
(119, 43, 26382),
(119, 44, 26035),
(119, 45, 25379),
(119, 46, 24873),
(119, 47, 24429),
(119, 48, 23797),
(119, 49, 22832),
(119, 50, 22222),
(119, 51, 21708),
(119, 52, 21229),
(119, 53, 20265),
(119, 244, 9279),
(119, 245, 7723),
(119, 246, 5802),
(119, 247, 0),
(119, 250, 19725),
(119, 251, 17804),
(119, 252, 16121),
(119, 254, 11755),
(120, 1, 57091),
(120, 2, 56497),
(120, 16, 55338),
(120, 19, 53586),
(120, 20, 53042),
(120, 27, 52325),
(120, 29, 49547),
(120, 32, 48069),
(120, 33, 48635),
(120, 35, 47554),
(120, 36, 47133),
(120, 37, 46745),
(120, 38, 46461),
(120, 39, 45849),
(120, 40, 45443),
(120, 41, 44833),
(120, 42, 44381),
(120, 43, 43786),
(120, 44, 43439),
(120, 45, 42783),
(120, 46, 42277),
(120, 47, 41833),
(120, 48, 41201),
(120, 49, 40236),
(120, 50, 39626),
(120, 51, 39112),
(120, 52, 38633),
(120, 53, 37669),
(120, 244, 26683),
(120, 245, 25127),
(120, 246, 23206),
(120, 247, 17404),
(120, 248, 7147),
(120, 249, 0),
(120, 250, 37129),
(120, 251, 35208),
(120, 252, 33525),
(120, 254, 29159),
(121, 5, 19102),
(121, 34, 17500),
(121, 78, 14405),
(121, 79, 14748),
(121, 81, 16231),
(121, 82, 16989),
(121, 101, 15261),
(121, 280, 13769),
(121, 281, 13338),
(121, 282, 11805),
(121, 283, 10654),
(121, 284, 10232),
(121, 285, 9197),
(121, 286, 6865),
(121, 287, 5680),
(121, 288, 3786),
(121, 289, 2968),
(121, 290, 0),
(122, 7, 5531),
(122, 8, 7039),
(122, 9, 8315),
(122, 10, 8884),
(122, 19, 0),
(122, 20, 544),
(122, 27, 1862),
(122, 29, 2983),
(122, 30, 3423),
(122, 31, 3874),
(122, 35, 4658),
(122, 201, 9414),
(122, 202, 9958),
(122, 203, 10345),
(122, 204, 10514),
(122, 205, 10724),
(122, 206, 10955),
(122, 207, 11671),
(122, 208, 12327),
(122, 209, 12666),
(122, 210, 13145),
(122, 211, 13678),
(122, 212, 15362),
(122, 213, 16138),
(122, 214, 16497),
(122, 215, 17573),
(123, 7, 5531),
(123, 8, 7039),
(123, 9, 8315),
(123, 10, 8884),
(123, 19, 0),
(123, 20, 544),
(123, 27, 1862),
(123, 29, 2983),
(123, 30, 3423),
(123, 31, 3874),
(123, 35, 4658),
(123, 201, 9414),
(123, 202, 9958),
(123, 203, 10345),
(123, 204, 10514),
(123, 205, 10724),
(123, 206, 10955),
(123, 207, 11671),
(123, 208, 12327),
(123, 209, 12666),
(123, 210, 13145),
(123, 211, 13678),
(124, 5, 5520),
(124, 27, 2296),
(124, 28, 3849),
(124, 77, 0),
(125, 5, 6081),
(125, 27, 2857),
(125, 28, 4410),
(125, 100, 0),
(126, 53, 0),
(126, 207, 8242),
(126, 235, 3347),
(126, 274, 5610),
(126, 275, 6310),
(126, 276, 7134),
(127, 100, 0),
(127, 251, 12784),
(127, 252, 14467),
(127, 280, 1585),
(127, 281, 2016),
(127, 282, 3420),
(127, 283, 4571),
(127, 284, 4993),
(127, 291, 8847),
(127, 292, 6974),
(128, 45, 7195),
(128, 203, 10781),
(128, 204, 10950),
(128, 205, 11160),
(128, 206, 11391),
(128, 207, 12107),
(128, 231, 8301),
(128, 277, 9178),
(128, 278, 6037),
(128, 279, 4260),
(128, 282, 1573),
(128, 283, 422),
(128, 284, 0),
(129, 45, 10903),
(129, 76, 560),
(129, 77, 0),
(129, 78, 3334),
(129, 79, 2991),
(129, 100, 2092),
(129, 101, 2478),
(129, 231, 12009),
(129, 271, 8354),
(129, 272, 7903),
(129, 273, 6142),
(129, 276, 16125),
(129, 277, 12886),
(129, 278, 9745),
(129, 280, 3967),
(129, 281, 4398),
(130, 1, 594),
(130, 2, 0),
(130, 76, 2405),
(130, 77, 1845),
(130, 90, 6477),
(130, 100, 3937),
(130, 101, 4323),
(130, 102, 4620),
(131, 2, 31121),
(131, 74, 28231),
(131, 75, 28900),
(131, 295, 26228),
(131, 296, 25553),
(131, 297, 22914),
(131, 298, 21666),
(131, 299, 17931),
(131, 300, 14931),
(131, 301, 12986),
(131, 302, 11293),
(131, 303, 0),
(132, 1, 30706),
(132, 2, 30112),
(132, 16, 28953),
(132, 19, 27201),
(132, 20, 26657),
(132, 27, 25940),
(132, 100, 23083),
(132, 245, 1921),
(132, 246, 0),
(132, 258, 8160),
(132, 280, 21504),
(132, 281, 21073),
(132, 282, 19540),
(132, 283, 18389),
(132, 284, 17967),
(132, 285, 16932),
(132, 286, 14600),
(132, 287, 13415),
(133, 252, 8700),
(133, 287, 0),
(134, 45, 22296),
(134, 203, 18830),
(134, 204, 18661),
(134, 205, 18451),
(134, 206, 18220),
(134, 207, 17504),
(134, 208, 16848),
(134, 209, 16509),
(134, 210, 16030),
(134, 211, 15497),
(134, 212, 13813),
(134, 213, 13037),
(134, 214, 12678),
(134, 215, 11602),
(134, 216, 10749),
(134, 217, 9645),
(134, 218, 8060),
(134, 219, 0),
(134, 231, 21260),
(134, 277, 20433),
(134, 278, 23212),
(134, 279, 24989),
(134, 282, 27697),
(134, 283, 28848),
(134, 284, 29270),
(134, 285, 30305),
(134, 286, 32637),
(134, 287, 33822),
(134, 288, 35716),
(134, 289, 36534),
(134, 290, 39502);

--
-- Constraints for dumped tables
--

--
-- Constraints for table `bus_changeover`
--
ALTER TABLE `bus_changeover`
  ADD CONSTRAINT `bus_changeover_ibfk_1` FOREIGN KEY (`changeid`) REFERENCES `bus_place` (`pid`),
  ADD CONSTRAINT `bus_changeover_ibfk_2` FOREIGN KEY (`changeid`) REFERENCES `bus_place` (`pid`);

--
-- Constraints for table `bus_stop`
--
ALTER TABLE `bus_stop`
  ADD CONSTRAINT `bus_stop_ibfk_1` FOREIGN KEY (`bid`) REFERENCES `bus_bus` (`busid`),
  ADD CONSTRAINT `bus_stop_ibfk_2` FOREIGN KEY (`pid`) REFERENCES `bus_place` (`pid`),
  ADD CONSTRAINT `bus_stop_ibfk_3` FOREIGN KEY (`bid`) REFERENCES `bus_bus` (`busid`),
  ADD CONSTRAINT `bus_stop_ibfk_4` FOREIGN KEY (`pid`) REFERENCES `bus_place` (`pid`);
